Address to use,City,State,Zip,Plus_Four,State,District,Rep_or_Sen,Name,Bio_ID
100 South Austin Street,Seguin,TX,78155,5702,TX,15,Rep,Ruben Hinojosa,H000636
2700 M Street,Bakersfield,CA,93301,2374,CA,21,Rep,David Valadao,V000129
115 South Main Street,Cleburne,TX,76033,5501,TX,25,Rep,Roger Williams,W000816
29 South Palouse Street,Walla Walla,WA,99362,1925,WA,5,Rep,Cathy McMorris Rodgers,M001159
2101 Clinton Avenue West,Huntsville,AL,35805,3109,AL,5,Rep,Mo Brooks,B001274
3000 Corporate Exchange Drive,Columbus,OH,43231,4054,OH,3,Rep,Joyce Beatty,B001281
50 Washington Road,Woodbury,CT,6051,1012,CT,5,Rep,Elizabeth Esty,E000293
35 Court Square,West Plains,MO,65775,3453,MO,8,Rep,Jason Smith,S001195
219 Roswell Street,Marietta,GA,30060,2063,GA,11,Rep,Barry Loudermilk,L000583
9210 113th Street,Seminole,FL,33772,2800,FL,13,Rep,David Jolly,J000296
1981 North Broadway,Walnut Creek,CA,94596,3877,CA,11,Rep,Mark DeSaulnier,D000623
2106 West Ennis Avenue,Ennis,TX,75119,3624,TX,6,Rep,Joe Barton,B000213
1819 Pepperell Parkway,Opelika,IN,36801,5476,IN,,Sen,Daniel Coats,C000542
337 East Main Street,Tupelo,MS,38804,4025,MS,1,Rep,Alan Nunnelee,N000186
171 Southwest Flagler Avenue,Stuart,FL,34994,2139,FL,18,Rep,Patrick Murphy,M001191
14546 Hamlin Street,Los Angeles,CA,91411,4102,CA,29,Rep,Tony Cardenas,C001097
4715 Golden Gate Parkway,Naples,FL,34116,6901,FL,25,Rep,Mario Diaz-Balart,D000600
650 Dundee Road,Northbrook,IL,60062,2757,IL,10,Rep,Robert Dold,D000613
3102 Maple Avenue,Dallas,TX,75201,1236,TX,30,Rep,Eddie Johnson,J000126
226 Taylor Street,Punta Gorda,FL,33950,4459,FL,17,Rep,Thomas Rooney,R000583
101 North Centre Street,Pottsville,PA,17901,2972,PA,17,Rep,Matthew Cartwright,C001090
1805 East Ruben M Torres Sr Boulevard,Brownsville,TX,78521,1115,TX,,Sen,John Cornyn,C001056
300 Centerville Road,Newville,PA,2886,212,PA,11,Rep,Lou Barletta,B001269
3300 S. Parker Road,Aurora,CO,80014,3518,CO,6,Rep,Mike Coffman,C001077
400 North 8th Street,Richmond,VA,23219,1321,VA,3,Rep,Robert Scott,S000185
1200 East 78th Avenue,Denver,CO,80229,5930,CO,7,Rep,Ed Perlmutter,P000593
4772 Euclid Road,Virginia Beach,VA,23462,3800,VA,2,Rep,E. Rigell,R000589
100 Peachtree Street Northwest,Atlanta,GA,30303,1906,GA,,Sen,John Isakson,I000055
5914 Main Street,Mays Landing,NJ,8330,1746,NJ,2,Rep,Frank LoBiondo,L000554
2 East 2nd Street,Jamestown,NY,14701,5206,NY,23,Rep,Tom Reed,R000585
90 State House Square,Hartford,CT,6103,3708,CT,,Sen,Christopher Murphy,M001169
729 Northeast Oregon Street,Portland,OR,97232,2184,OR,3,Rep,Earl Blumenauer,B000574
121 East Front Street,Traverse City,MI,49684,2500,MI,1,Rep,Dan Benishek,B001271
7121 West Bell Road,Glendale,AZ,85308,8549,AZ,8,Rep,Trent Franks,F000448
101 West 31st Street,Kansas City,MO,64108,3318,MO,5,Rep,Emanuel Cleaver,C001061
163 West 125th Street,New York,NY,10027,4404,NY,13,Rep,Charles Rangel,R000053
540 Water Street,Ketchikan,AK,99901,6378,AK,,Sen,Lisa Murkowski,M001153
110 Michigan Street Northeast,Grand Rapids,MI,49503,2313,MI,3,Rep,Justin Amash,A000367
477 Michigan Avenue,Detroit,MI,48226,2576,MI,,Sen,Debbie Stabenow,S000770
PO Box 1017 ,Sandersville,GA,31082,1017,GA,10,Rep,Jody Hice,H001071
137 Hampton Road,Southampton,NY,11968,4923,NY,1,Rep,Lee Zeldin,Z000017
2930 Wetmore Avenue,Everett,WA,98201,4070,WA,2,Rep,Rick Larsen,L000560
11 North Water Street,Mobile,AL,36602,5000,AL,1,Rep,Bradley Byrne,B001289
4834 Richmond Road,Warrensville Heights,OH,44128,6408,OH,11,Rep,Marcia Fudge,F000455
3469 Lawrenceville Highway,Tucker,GA,30084,5866,GA,4,Rep,Henry Johnson,J000288
1313 West Main Street,Rapid City,SD,57701,2540,SD,,Sen,Mike Rounds,R000605
1609 College Park Drive,Morristown,TN,37813,1659,TN,1,Rep,David Roe,R000582
505 12th Street Southeast,Watertown,SD,57201,4973,SD,0,Rep,Kristi Noem,N000184
10408 Flatlands Avenue ,Brooklyn,NY,11236,2806,NY,8,Rep,Hakeem Jeffries,J000294
400 Monroe Street,Detroit,MI,48226,2944,MI,14,Rep,Brenda Lawrence,L000581
77 Hazard Avenue,Enfield,CT,6082,3890,CT,2,Rep,Joe Courtney,C001069
69 Church St,New Brunswick,NJ,8901,1242,NJ,6,Rep,Frank Pallone,P000034
333 F Street,Chula Vista,OR,91910,2624,OR,,Sen,Ron Wyden,W000779
1341 Fillmore Street,Twin Falls,ID,83301,3392,ID,2,Rep,Michael Simpson,S001148
176 Brooks Boulevard,Santee,SC,29142,8644,SC,6,Rep,James Clyburn,C000537
1755 Tiffany Drive East,West Palm Beach,FL,33407,3224,FL,20,Rep,Alcee Hastings,H000324
108 Lacey Road,Lacey Township,NV,8759,1331,NV,,Sen,Harry Reid,R000146
240 East Morris Avenue,Salt Lake City,UT,84115,3296,UT,4,Rep,Mia Love,L000584
33300 Warren Rd,Westland,MI,48185,9620,MI,13,Rep,John Conyers,C000714
2400 East Arizona Biltmore Circle,Phoenix,AZ,85016,2195,AZ,9,Rep,Kyrsten Sinema,S001191
2461 West State Road 426,Oviedo,FL,32765,4508,FL,7,Rep,John Mica,M000689
888 Washington Boulevard,Stamford,CT,6901,2902,CT,4,Rep,James Himes,H001047
1661 North Swan Road,Tucson,DE,85712,4051,DE,,Sen,Chris Coons,C001088
51 South University Avenue,Provo,UT,84601,4491,UT,3,Rep,Jason Chaffetz,C001076
701 Main Street,Hattiesburg,MS,39401,3478,MS,4,Rep,Steven Palazzo,P000601
115 State Street,Montpelier,VT,5602,2719,VT,,Sen,Bernard Sanders,S000033
2725 Judge Fran Jamieson Way,Melbourne,FL,32940,6605,FL,8,Rep,Bill Posey,P000599
324 East Washington Avenue,Riverton,WY,82001,4353,WY,,Sen,Michael Enzi,E000285
108 Lacey Road,Lacey Township,NV,8759,1331,NV,,Sen,Dean Heller,H001041
2000 Market Street,Philadelphia,PA,19103,3231,PA,,Sen,Patrick Toomey,T000461
90-16 Rockaway Beach Boulevard,Queens,NY,11693,1530,NY,5,Rep,Gregory Meeks,M001137
900 3rd Street,Muskegon,MI,49440,1135,MI,2,Rep,Bill Huizenga,H001058
400 South El Camino Real,San Mateo,CA,94402,1761,CA,14,Rep,Jackie Speier,S001175
1805 East Ruben M Torres Sr Boulevard,Brownsville,TX,78521,1115,TX,,Sen,Ted Cruz,C001098
5309 West 95th Street,Oak Lawn,IL,60453,2444,IL,3,Rep,Daniel Lipinski,L000563
300 Centerville Rd,Warwick,RI,2886,200,RI,2,Rep,James Langevin,L000559
108 Lacey Road,Lacey Township,NM,8759,1331,NM,,Sen,Tom Udall,U000039
1601 Highway 34,Newnan,GA,30265,1325,GA,3,Rep,Lynn Westmoreland,W000796
10075 Ravenna Road,Twinsburg,OH,44087,1718,OH,14,Rep,David Joyce,J000295
375 West Padonia Road,Lutherville-Timonium,MD,21093,2130,MD,2,Rep,C. Ruppersberger,R000576
415 South Mulford Road,Rockford,IL,61108,3011,IL,16,Rep,Adam Kinzinger,K000378
300 Ala Moana Boulevard,Honolulu,HI,96850,1,HI,,Sen,Mazie Hirono,H001042
208 South Minnesota Avenue,Saint Peter,MN,56082,2545,MN,,Sen,Amy Klobuchar,K000367
4167 Church Road,Mount Laurel,NJ,8054,2220,NJ,3,Rep,Tom MacArthur,M001193
1301 Clay Street,Oakland,CA,94612,5233,CA,13,Rep,Barbara Lee,L000551
558 Pleasant Street,Northampton,MA,1060,6246,MA,2,Rep,James McGovern,M000312
4303 Texas Boulevard,Texarkana,TX,75503,3094,TX,4,Rep,John Ratcliffe,R000601
540 Water Street,Ketchikan,AK,99901,6378,AK,,Sen,Dan Sullivan,S001198
4322 Wilshire Boulevard,Los Angeles,CA,90010,3794,CA,,Sen,Barbara Boxer,B000711
915 2nd Avenue,Seattle,WA,98174,1009,WA,,Sen,Maria Cantwell,C000127
425 South Main Street,Emporia,VA,23847,2300,VA,4,Rep,J. Forbes,F000445
39300 Civic Center Drive,Fremont,CA,94538,2324,CA,17,Rep,Michael Honda,H001034
6 State Street,Bangor,ME,4401,5112,ME,2,Rep,Bruce Poliquin,P000611
113 North Church Street,Visalia,CA,93291,6300,CA,22,Rep,Devin Nunes,N000181
120 West 3rd Street,Dayton,OH,45402,1819,OH,10,Rep,Michael Turner,T000463
118 West Main Street,Somerset,PA,15501,2047,PA,12,Rep,Keith Rothfus,R000598
212 West Main Street,Salisbury,MD,21801,5006,MD,,Sen,Barbara Mikulski,M000702
280 Hemsted Drive,Redding,CA,96002,164,CA,1,Rep,Doug LaMalfa,L000578
201 East Nolen Street,West Frankfort,IL,62896,2437,IL,12,Rep,Mike Bost,B001295
74-09 37th Avenue,Queens,NY,11372,6303,NY,14,Rep,Joseph Crowley,C001038
110 West Reynolds Street,Plant City,NE,33563,3377,NE,,Sen,Deb Fischer,F000463
4201 Dominion Boulevard,Glen Allen,VA,23060,6149,VA,7,Rep,Dave Brat,B001290
2000 Sam Rittenberg Boulevard,Charleston,SC,29407,4631,SC,1,Rep,Marshall Sanford,S000051
1717 West 2nd Street,Roswell,NM,88201,2029,NM,2,Rep,Stevan Pearce,P000588
258 1st Street,Fenton,MI,48502,4636,MI,5,Rep,Daniel Kildee,K000380
194 Remsdale Street,Toccoa,GA,30577,1899,GA,9,Rep,Doug Collins,C001093
1231 Lafayette Avenue,Bronx,NY,10474,5331,NY,,Sen,Charles Schumer,S000148
4322 Wilshire Boulevard,Los Angeles,CA,90010,3794,CA,37,Rep,Karen Bass,B001270
266 Harristown Road,Glen Rock,NJ,7452,3321,NJ,5,Rep,Scott Garrett,G000548
1118 Greensboro Avenue,Tuscaloosa,AL,35401,2861,AL,7,Rep,Terri Sewell,S001185
2021 Lakeshore Drive,New Orleans,LA,70122,3501,LA,,Sen,Bill Cassidy,C001075
843 East Main Street,Medford,OR,97504,7137,OR,2,Rep,Greg Walden,W000791
212 West Main Street,Salisbury,MD,21801,5026,MD,1,Rep,Andy Harris,H001052
3333 West Arthington Street,Chicago,IL,60624,4102,IL,7,Rep,Danny Davis,D000096
3111 South Dixie Highway,West Palm Beach,FL,33405,1553,FL,22,Rep,Lois Frankel,F000462
1819 Pepperell Parkway,Opelika,AL,36801,5476,AL,3,Rep,Mike Rogers,R000575
26650 The Old Road,Valencia,CA,91381,750,CA,25,Rep,Steve Knight,K000387
Quartermaster Court,Jeffersonville,IN,47130,3669,IN,9,Rep,Todd Young,Y000064
1634 North Main Street,High Point,NC,27262,2644,NC,6,Rep,Bradley Mark Walker,W000819
6425 Youree Drive,Shreveport,LA,71105,4634,LA,4,Rep,John Fleming,F000456
504 Washington Road,Pittsburgh,PA,15228,2817,PA,18,Rep,Tim Murphy,M001151
1 East Main Street,Bozeman   ,MT,59715,4759,MT,,Sen,Jon Tester,T000464
One Lakeshore Drive,Lake Charles,LA,70629,114,LA,3,Rep,Charles Boustany,B001255
256 North Sam Houston Parkway East,Houston,TX,77060,2028,TX,29,Rep,Gene Green,G000410
220 East Rosser Avenue,Bismarck,ND,58501,3869,ND,,Sen,Heidi Heitkamp,H001069
1011 George Wallace Boulevard,Tuscumbia,AR,35674,1726,AR,,Sen,Tom Cotton,C001095
33 Lowell Street,Andover,MA,1840,1641,MA,3,Rep,Niki Tsongas,T000465
201 North Walnut Street,Wilmington,DE,19801,3998,DE,0,Rep,John Carney,C001083
140 North Queen Street,Lancaster,PA,17603,5318,PA,16,Rep,Joseph Pitts,P000373
50 Washington Rd,West Windsor,NJ,8550,1031,NJ,12,Rep,Bonnie Watson Coleman,W000822
707 East Tahquitz Canyon Way,Palm Springs,CA,92262,101,CA,36,Rep,Raul Ruiz,R000599
800 Oneida Street,Storm Lake,IA,50588,3209,IA,4,Rep,Steve King,K000362
18 9th Street,Columbus,GA,31901,2778,GA,2,Rep,Sanford Bishop,B000490
PO Box 426 ,Livingston,LA,70754,426,LA,6,Rep,Garret Graves,G000577
300 West Plant Street,Winter Garden,FL,34787,3009,FL,10,Rep,Daniel Webster,W000806
48701 Van Dyke Avenue,Shelby Township,MI,48317,2560,MI,10,Rep,Candice Miller,M001150
800 Anna Street,Elizabeth,NJ,7201,2811,NJ,8,Rep,Albio Sires,S001165
534 Broad Hollow Road,Melville,NY,11747,3673,NY,3,Rep,Steve Israel,I000057
300 East Locust Street,Des Moines,IA,50309,1825,IA,3,Rep,David Young,Y000066
712 Main Street,Woodland,CA,95695,3478,CA,3,Rep,John Garamendi,G000559
110 West Reynolds Street,Plant City,NE,33563,3377,NE,,Sen,Benjamin Sasse,S001197
300 Ala Moana Boulevard,Honolulu,HI,96850,1,HI,,Sen,Brian Schatz,S001194
208 Grand Avenue,Wausau,WI,54403,6217,WI,7,Rep,Sean Duffy,D000614
12725 SW Millikan Way,Beaverton,OR,97005,1678,OR,1,Rep,Suzanne Bonamici,B001278
415 South Ohio Avenue,Sedalia,MO,65301,4435,MO,4,Rep,Vicky Hartzler,H001053
503 North Main Street,Pueblo,CO,81003,3132,CO,3,Rep,Scott Tipton,T000470
400 North Main Street,Williamstown,KY,41097,1026,KY,4,Rep,Thomas Massie,M001184
4300 Bayou Boulevard,Pensacola,FL,32503,2679,FL,1,Rep,Jeff Miller,M001144
100 Peachtree Street Northwest,Atlanta,GA,30303,1906,GA,,Sen,David Perdue,P000612
110 North Cameron Street,Winchester,VA,22601,4730,VA,10,Rep,Barbara Comstock,C001105
109 South 3rd Street,Sterling,CO,80751,4220,CO,4,Rep,Ken Buck,B001297
204 W. Montgomery Street,Mount Vernon,WA,98273,3843,WA,1,Rep,Suzan DelBene,D000617
130 South Main Street,Greenville,SC,29601,4870,SC,,Sen,Lindsey Graham,G000359
1726 Kingsley Avenue,Orange Park,FL,32073,4411,FL,3,Rep,Ted Yoho,Y000065
2201 East Camelback Road,Phoenix,AZ,85016,3431,AZ,,Sen,John McCain,M000303
2209 East Market Street,East York,PA,17402,2853,PA,4,Rep,Scott Perry,P000605
1057 West Belmont Avenue,Chicago,IL,60657,3327,IL,5,Rep,Mike Quigley,Q000023
1540 Kuser Road,Hamilton Township,NJ,8619,3828,NJ,4,Rep,Christopher Smith,S000522
1061 Riverside Avenue,Jacksonville,FL,32204,4151,FL,4,Rep,Ander Crenshaw,C001045
11900 College Boulevard,Overland Park,KS,66210,3912,KS,,Sen,Pat Roberts,R000307
105 Jay Street,Schenectady,NY,12305,1905,NY,20,Rep,Paul Tonko,T000469
6525 Morrison Boulevard,Charlotte,NC,28211,501,NC,9,Rep,Robert Pittenger,P000606
61 East Main Street,Wilmington,OH,45177,2330,OH,,Sen,Sherrod Brown,B000944
222 Sunset Avenue,Asheboro,NC,27203,5658,NC,2,Rep,Renee Ellmers,E000291
2700 Adams Avenue,San Diego,CA,92116,1367,CA,53,Rep,Susan Davis,D000598
615 E. Houston Street,San Antonio,TX,78205,2001,TX,28,Rep,Henry Cuellar,C001063
216 6th Street,Racine,WI,53403,1216,WI,1,Rep,Paul Ryan,R000570
4904 George Washington Memorial Highway,Yorktown,VA,23692,2769,VA,1,Rep,Robert Wittman,W000804
412 Malcolm Drive,Westminster,MD,21157,6174,MD,8,Rep,Chris Van Hollen,V000128
11627 Telegraph Road,Whittier,CA,90670,6810,CA,38,Rep,Linda Sanchez,S001156
125 South 4th Street,Norfolk,NE,68701,5200,NE,1,Rep,Jeff Fortenberry,F000449
375 G Street,Vallejo,CA,94592,5706,CA,5,Rep,Mike Thompson,T000460
840 North Park Road,Wyomissing,PA,19610,1307,PA,6,Rep,Ryan Costello,C001106
3130 Chatham Road,Springfield,IL,62704,5379,IL,18,Rep,Aaron Schock,S001179
155 North Market Street,Wichita,KS,67202,1818,KS,4,Rep,Mike Pompeo,P000602
2222 M Street,Merced,CA,95340,3729,CA,16,Rep,Jim Costa,C001059
4245 Kemp Boulevard,Wichita Falls,TX,76308,2829,TX,13,Rep,Mac Thornberry,T000238
3550 Southwest 5th Street,Topeka,KS,66606,1998,KS,2,Rep,Lynn Jenkins,J000290
605 Church Street,Nashville,TN,37219,2314,TN,5,Rep,Jim Cooper,C000754
1661 North Swan Road,Tucson,DE,85712,4051,DE,,Sen,Thomas Carper,C000174
90 State House Square,Hartford,CT,6103,3708,CT,,Sen,Richard Blumenthal,B001277
1010 Monarch Street,Lexington,KY,40513,1866,KY,6,Rep,Garland Barr,B001282
220 Dingess Street,Logan,WV,25601,3626,WV,3,Rep,Evan Jenkins,J000297
51 South University Avenue,Provo,UT,84601,4424,UT,,Sen,Mike Lee,L000577
26111 Antonio Parkway,Rancho Santa Margarita,CA,92688,5597,CA,45,Rep,Mimi Walters,W000820
701 Ocean Street,Santa Cruz,CA,95060,4027,CA,20,Rep,Sam Farr,F000030
10 East Doty Street,Madison,WI,53703,5103,WI,2,Rep,Mark Pocan,P000607
100 Peachtree Street Northwest,Atlanta,GA,30303,1906,GA,5,Rep,John Lewis,L000287
3211 Coors Boulevard Southwest,Albuquerque,NM,87121,5255,NM,1,Rep,Michelle Lujan Grisham,L000580
25 Sweeden Street,Caribou,ME,4736,2503,ME,,Sen,Angus King,K000383
1000 Commerce Park Drive,Williamsport,PA,17701,5475,PA,10,Rep,Tom Marino,M001179
221 Main Street,Hartford,ID,6106,1890,ID,,Sen,James Risch,R000584
310 North Mesa Street,El Paso,TX,79901,1301,TX,16,Rep,Beto O'Rourke,O000170
250 Prairie Center Drive,Eden Prairie,MN,55344,7904,MN,3,Rep,Erik Paulsen,P000594
1011 George Wallace Boulevard,Tuscumbia,AL,35674,1726,AL,,Sen,Richard Shelby,S000320
1100 Circle Drive,Fort Worth,TX,76119,8111,TX,33,Rep,Marc Veasey,V000131
2339 Gold Meadow Way,Gold River,CA,95670,6307,CA,7,Rep,Ami Bera,B001287
16 Court Street,Brooklyn,NY,11241,1010,NY,7,Rep,Nydia Velazquez,V000081
333 West College Avenue,Appleton,WI,54911,5898,WI,8,Rep,Reid Ribble,R000587
911 Main Street,Kansas City,MO,64105,2009,MO,,Sen,Claire McCaskill,M001170
811 Saint Michaels Drive,Santa Fe,NM,87505,7640,NM,3,Rep,Ben Lujan,L000570
3730 Roswell Road,Marietta,GA,30062,8818,GA,6,Rep,Tom Price,P000591
6363 De Zavala Road,San Antonio,TX,78249,2104,TX,20,Rep,Joaquin Castro,C001091
8267 Main Street,Ellicott City,MD,21043,9903,MD,7,Rep,Elijah Cummings,C000984
3509 Coffee Road,Modesto,CA,95355,1356,CA,10,Rep,Jeff Denham,D000612
115 Southeast 25th Avenue,Ocala,FL,34471,9179,FL,11,Rep,Richard Nugent,N000185
2340 Paseo Del Prado,Las Vegas,NV,89102,4340,NV,1,Rep,Dina Titus,T000468
2813 Wehrle Drive,Williamsville,NY,14221,7384,NY,27,Rep,Chris Collins,C001092
3240 W. Fullerton Ave,Chicago,IL,60647,2512,IL,4,Rep,Luis Gutierrez,G000535
1250 Hancock Street,Quincy,MA,2169,4331,MA,8,Rep,Stephen Lynch,L000562
1015 North Broadway Avenue,Oklahoma City,OK,73102,5849,OK,5,Rep,Steve Russell,R000604
2680 West Main Street,Pittsboro,IN,46167,2829,IN,4,Rep,Todd Rokita,R000592
633 West Wisconsin Avenue,Milwaukee,WI,53203,1918,WI,,Sen,Ron Johnson,J000293
2400 East Highland Drive,Jonesboro,AR,72401,6229,AR,1,Rep,Eric Crawford,C001087
301 West Michigan Avenue,Ypsilanti,MI,48197,5450,MI,12,Rep,Debbie Dingell,D000624
1050 Northgate Drive,San Rafael,CA,94903,2580,CA,2,Rep,Jared Huffman,H001068
120 South Fair Street,Olney,IL,62450,2258,IL,15,Rep,John Shimkus,S000364
110 West Reynolds Street,Plant City,FL,33563,3377,FL,15,Rep,Dennis Ross,R000593
"90 K Street, NE",Washington,DC,20001,4203,DC,0,Rep,Eleanor Norton,N000147
1 Diamond Causeway,Savannah,GA,31406,7434,GA,1,Rep,Buddy Carter,C001103
602 Chillicothe Street,Portsmouth,OH,45662,4262,OH,2,Rep,Brad Wenstrup,W000815
300 Ala Moana Blvd,Honolulu,HI,96850,1,HI,2,Rep,Tulsi Gabbard,G000571
3235 147th Street,Midlothian,IL,60445,3656,IL,1,Rep,Bobby Rush,R000515
4960 Southwest 72nd Avenue,Miami,FL,33155,5544,FL,27,Rep,Ileana Ros-Lehtinen,R000435
1011 George Wallace Boulevard,Tuscumbia,AL,35674,1726,AL,,Sen,Jefferson Sessions,S001141
3000 North Ponce De Leon Boulevard,St. Augustine,FL,32084,8600,FL,,Sen,Bill Nelson,N000032
150 South Bloomingdale Road,Bloomingdale,IL,60108,1494,IL,8,Rep,Tammy Duckworth,D000622
1 East Main Street,Bozeman   ,MT,59715,4759,MT,,Sen,Steve Daines,D000618
7 Court Square,Staunton,VA,24401,4281,VA,6,Rep,Bob Goodlatte,G000289
8764 Manchester Road,Brentwood,MO,63144,2735,MO,2,Rep,Ann Wagner,W000812
900 Georgia Avenue,Chattanooga,TN,37402,2230,TN,,Sen,Lamar Alexander,A000360
6262 Route 83,Willowbrook,IL,60527,2987,IL,6,Rep,Peter Roskam,R000580
2 Portland Fish Pier,Portland,ME,4101,4633,ME,1,Rep,Chellie Pingree,P000597
477 Michigan Avenue,Detroit,MI,48226,2576,MI,,Sen,Gary Peters,P000595
1900 Stubbs Avenue,Monroe,LA,71201,5751,LA,5,Rep,Ralph Abraham,A000374
3235 147th Street,Midlothian,IL,60445,3656,IL,,Sen,Richard Durbin,D000563
1150 Brookside Avenue,Redlands,CA,92373,6314,CA,31,Rep,Pete Aguilar,A000371
1202 Sam Houston Avenue,Huntsville,TX,77340,4638,TX,8,Rep,Kevin Brady,B000755
Clifty Street,Somerset,KY,42501,1782,KY,5,Rep,Harold Rogers,R000395
211 North Florence Street,Casa Grande,AZ,85122,4414,AZ,1,Rep,Ann Kirkpatrick,K000368
1910 Sunset Boulevard,Los Angeles,CA,90026,3445,CA,28,Rep,Adam Schiff,S001150
10124 Broadway,Los Angeles,CA,90003,4353,CA,43,Rep,Maxine Waters,W000187
4100 Empire Drive,Bakersfield,CA,93309,409,CA,23,Rep,Kevin McCarthy,M001165
5400 Trinity Road,Raleigh,NC,27607,3815,NC,4,Rep,David Price,P000523
2701 Black Road,Joliet,IL,60435,8412,IL,11,Rep,Bill Foster,F000454
101 North Church Street,Kissimmee,FL,34741,5054,FL,9,Rep,Alan Grayson,G000556
87 North Raymond Avenue,Pasadena,CA,91103,3966,CA,27,Rep,Judy Chu,C001080
600 East 1st Street,Rome,GA,30161,3149,GA,14,Rep,Tom Graves,G000560
1589 Elm Street,Manchester,NH,3101,1261,NH,,Sen,Kelly Ayotte,A000368
3400 Central Avenue,Riverside,CA,92506,2163,CA,41,Rep,Mark Takano,T000472
Father Duenas Avenue,Hagatna,GU,96910,5058,GU,0,Rep,Madeleine Bordallo,B001245
207 Maxwell Avenue,Anderson,SC,29037,5820,SC,3,Rep,Jeff Duncan,D000615
63 North Broad Street,Philadelphia,PA,19107,4602,PA,1,Rep,Robert Brady,B001227
5776 Stoneridge Mall Road,Pleasanton,CA,94588,2836,CA,15,Rep,Eric Swalwell,S001193
205 West 20th Street,Lorain,OH,44052,3777,OH,9,Rep,Marcy Kaptur,K000009
6632 Germantown Avenue,Philadelphia,PA,19119,2250,PA,2,Rep,Chaka Fattah,F000043
501 East Court Street,Jackson,MS,39201,5022,MS,,Sen,Thad Cochran,C000567
1501 East Mockingbird Lane,Victoria,TX,77904,2194,TX,27,Rep,Blake Farenthold,F000460
1234 Columbus Avenue,Boston,MA,2120,3400,MA,7,Rep,Michael Capuano,C001037
3003 South Loop West Freeway,Houston,TX,77054,1301,TX,9,Rep,Al Green,G000553
12750 Merit Drive,Dallas,TX,75251,1229,TX,32,Rep,Pete Sessions,S000250
219 North Milwaukee Street,Milwaukee,WI,53202,5818,WI,4,Rep,Gwen Moore,M001160
103 West Callaghan Street,Fort Stockton,TX,79735,7104,TX,23,Rep,Will Hurd,H001073
8485 West Sunset Road,Las Vegas,NV,89113,2251,NV,3,Rep,Joseph Heck,H001055
1280 Titus Avenue,Rochester,NY,14617,4125,NY,25,Rep,Louise Slaughter,S000480
45 East Loucks Street,Sheridan,WY,82801,6331,WY,0,Rep,Cynthia Lummis,L000571
107 West Charles Street,Muncie,IN,47305,2804,IN,6,Rep,Luke Messer,M001189
208 South Minnesota Avenue,Saint Peter,MN,56082,2545,MN,,Sen,Alan Franken,F000457
240 South Montezuma Street,Prescott,AZ,86303,4712,AZ,4,Rep,Paul Gosar,G000565
201 North Front Street,Wilmington,NC,28401,5093,NC,3,Rep,Walter Jones,J000255
1000 West Saint Joseph Street,Lansing,MI,48915,2552,MI,8,Rep,Mike Bishop,B001293
255 East Temple Street,Los Angeles,CA,90012,3334,CA,34,Rep,Xavier Becerra,B000287
100 North Broadway,Oklahoma City,OK,73102,9211,OK,,Sen,James Inhofe,I000024
633 West Wisconsin Avenue,Milwaukee,WI,53203,1918,WI,,Sen,Tammy Baldwin,B001230
6448 Main Street,North Branch,MN,55056,7068,MN,8,Rep,Richard Nolan,N000127
13 Municipal Plaza,Bloomfield,NJ,7003,3470,NJ,10,Rep,Donald Payne,P000604
14955 Dale Evans Parkway,Apple Valley,CA,92307,3061,CA,8,Rep,Paul Cook,C001094
494 State Street,Salem,OR,97301,3830,OR,5,Rep,Kurt Schrader,S001180
170 Westminster Street,Providence,RI,2903,2101,RI,,Sen,John Reed,R000122
1231 Lafayette Avenue,Bronx,NY,10474,5331,NY,15,Rep,Jose Serrano,S000248
7219 Dixie Highway,Louisville,KY,40258,3756,KY,3,Rep,John Yarmuth,Y000062
130 South Main Street,Greenville,SC,29601,4870,SC,,Sen,Tim Scott,S001184
5727 South Lewis Avenue,Tulsa,OK,74105,7146,OK,1,Rep,Jim Bridenstine,B001283
221 Main Street,Hartford,IA,6106,1890,IA,,Sen,Charles Grassley,G000386
7969 Cincinnati Dayton Road,West Chester Township,OH,45069,6637,OH,8,Rep,John Boehner,B000589
200 Administration Road,Oak Ridge,TN,37303,8823,TN,3,Rep,Charles Fleischmann,F000459
90 7th Street,San Francisco,CA,94103,6701,CA,12,Rep,Nancy Pelosi,P000197
2420 Springer Drive,Norman,OK,73069,3965,OK,4,Rep,Tom Cole,C001053
2 Hudson St,Kinderhook,NY,12106,2003,NY,19,Rep,Christopher Gibson,G000564
333 F Street,Chula Vista,TN,91910,2624,TN,,Sen,Bob Corker,C001071
1127 Sherman Street,Denver,CO,80203,2281,CO,,Sen,Michael Bennet,B001267
208 East Bayfront Parkway,Erie,PA,16507,2405,PA,3,Rep,Mike Kelly,K000376
"726 Exchange Street, Suite 601",Buffalo,NY,14210,1433,NY,26,Rep,Brian Higgins,H001038
441 Vine Street,Cincinnati,OH,45202,3003,OH,1,Rep,Steve Chabot,C000266
1800 Thibodo Road,Vista,CA,92081,7515,CA,49,Rep,Darrell Issa,I000056
6544 South General Bruce Drive,Temple,TX,76502,5811,TX,31,Rep,John Carter,C001051
12851 Southwest 42nd Street,Miami,FL,33175,3436,FL,26,Rep,Carlos Curbelo,C001107
62 East 2nd Street,Crossville,TN,38555,4564,TN,6,Rep,Diane Black,B001273
1271 Kelly Johnson Boulevard,Colorado Springs,CO,80920,3965,CO,5,Rep,Doug Lamborn,L000564
216 Nash Street Northwest,Wilson,NC,27893,3802,NC,1,Rep,George Butterfield,B001251
1166 Military Road,Zanesville,OH,43701,1562,OH,12,Rep,Patrick Tiberi,T000462
212 West Main Street,Salisbury,MD,21801,5006,MD,,Sen,Benjamin Cardin,C000141
2201 East Camelback Road,Phoenix,AZ,85016,3431,AZ,,Sen,Jeff Flake,F000444
560 Kirts Boulevard,Troy,MI,48084,4141,MI,11,Rep,Dave Trott,T000475
1301 Kings Highway,Keysville,VA,22901,3136,VA,5,Rep,Robert Hurt,H001060
17926 South Halsted Street,Homewood,IL,60430,2029,IL,2,Rep,Robin Kelly,K000385
2737 78th Avenue Southeast,Mercer Island,WA,98040,2843,WA,9,Rep,Adam Smith,S000510
5790 Margate Boulevard,Margate,FL,33063,3614,FL,21,Rep,Theodore Deutch,D000610
300 Foxcroft Avenue,Martinsburg,WV,25401,5341,WV,2,Rep,Alex Mooney,M001195
120 Washington Street,Watertown,NY,13601,3370,NY,21,Rep,Elise Stefanik,S001196
2 1st Street SE,Auburn,WA,98001,5453,WA,8,Rep,David Reichert,R000578
7975 Stage Hills Boulevard,Memphis,TN,38133,4036,TN,8,Rep,Stephen Fincher,F000458
230 Margie Drive,Warner Robins,GA,31088,7813,GA,8,Rep,Austin Scott,S001189
2250 Las Vegas Blvd. North,North Las Vegas,NV,89030,5877,NV,4,Rep,Cresent Hardy,H001070
2390 Highway 44,Oshkosh,WI,54904,6438,WI,6,Rep,Glenn Grothman,G000576
1011 George Wallace Boulevard,Tuscumbia,AL,35674,1726,AL,4,Rep,Robert Aderholt,A000055
4246 Washington Road,Evans,GA,30809,3087,GA,12,Rep,Rick Allen,A000372
700 Park Avenue,Winona Lake,IN,46590,1066,IN,3,Rep,Marlin Stutzman,S001188
411 West Lincoln Trail Boulevard,Radcliff,KY,40160,2046,KY,2,Rep,Brett Guthrie,G000558
600 Grant Street,Denver,CO,80203,3525,CO,1,Rep,Diana DeGette,D000197
420 College St SE,Lacey,WA,98503,1238,WA,10,Rep,Denny Heck,H001064
1110 East Chapman Avenue,Orange,CA,92866,2145,CA,46,Rep,Loretta Sanchez,S000030
888 Concord Road Southeast,Smyrna,GA,30080,4202,GA,13,Rep,David Scott,S001157
200 Federal Plaza,Paterson,NJ,7505,1953,NJ,9,Rep,Bill Pascrell,P000096
333 N. Fairfax St,Arlington,VA,22314,2647,VA,8,Rep,Donald Beyer,B001292
3116 Capital Circle Northeast,Tallahassee,FL,32308,7791,FL,2,Rep,Gwen Graham,G000575
320 4th Street Southwest,Willmar,MN,56201,3300,MN,7,Rep,Collin Peterson,P000258
485 Alisal Road,Solvang,CA,93463,3701,CA,24,Rep,Lois Capps,C001036
170 Westminster Street,Providence,RI,2903,2101,RI,,Sen,Sheldon Whitehouse,W000802
61 East Main Street,Wilmington,OH,45177,2330,OH,,Sen,Robert Portman,P000449
738 North 5th Avenue,Tucson,AZ,85705,8485,AZ,3,Rep,Ra�l Grijalva,G000551
5000 Van Nuys Boulevard,Los Angeles,CA,91403,1791,CA,30,Rep,Brad Sherman,S000344
501 East Court Street,Jackson,MS,39201,5022,MS,,Sen,Roger Wicker,W000437
221 West Main Street,Prescott,AR,71857,3608,AR,4,Rep,Bruce Westerman,W000821
140 W 6TH ST,San Pedro,CA,90731,3314,CA,44,Rep,Janice Hahn,H001063
1501 North University Avenue,Little Rock,AR,72207,5242,AR,2,Rep,French Hill,H001072
416 Valley View Drive,Scottsbluff,NE,69361,1445,NE,3,Rep,Adrian Smith,S001172
323 West Main Street,Abingdon,VA,24210,2605,VA,9,Rep,H. Griffith,G000568
33 East Broadway Avenue,Meridian,ID,83642,2619,ID,1,Rep,Ra�l Labrador,L000573
4144 North Armenia Avenue,Tampa,FL,33607,6435,FL,14,Rep,Kathy Castor,C001066
118 Adams Street Suite 301,Fairmont,WV,26554,2841,WV,,Sen,Shelley Moore Capito,C001047
100 Northeast Monroe Street,Peoria,IL,61602,1047,IL,17,Rep,Cheri Bustos,B001286
1100 Northeast Interstate 410 Loop,San Antonio,TX,78209,1530,TX,21,Rep,Lamar Smith,S000583
1800 Dual Highway,Hagerstown,MD,21742,6646,MD,6,Rep,John Delaney,D000620
1070 Main Street,Pawtucket,RI,2860,4974,RI,1,Rep,David Cicilline,C001084
706 West Avenue,Jenkintown,PA,19046,2710,PA,13,Rep,Brendan Boyle,B001296
108 Lacey Road,Lacey Township,NJ,8759,1331,NJ,,Sen,Robert Menendez,M000639
901 Wabash Avenue,Terre Haute,IN,47807,3232,IN,8,Rep,Larry Bucshon,B001275
200 North Main Street,Tompkinsville,KY,42167,1548,KY,1,Rep,Ed Whitfield,W000413
101 West Saint John Street,Spartanburg,SC,29306,5167,SC,4,Rep,Trey Gowdy,G000566
300 State Street,New Haven,CT,1105,1711,CT,3,Rep,Rosa DeLauro,D000216
17 Peabody Square,Peabody,MA,1960,5646,MA,6,Rep,Seth Moulton,M001196
400 South Virginia Street,Reno,NV,89501,2116,NV,2,Rep,Mark Amodei,A000369
1717 Newtown Pike,Langhorne,PA,19047,1086,PA,8,Rep,Michael Fitzpatrick,F000451
6 Gramatan Avenue,Mount Vernon,NY,10550,3208,NY,16,Rep,Eliot Engel,E000179
610 Newport Center Drive,Newport Beach,CA,92660,8034,CA,48,Rep,Dana Rohrabacher,R000409
235 South 6th Street,Springfield,IL,62701,1502,IL,13,Rep,Rodney Davis,D000619
14 Hancock Street,Portsmouth,NH,3801,4669,NH,1,Rep,Frank Guinta,G000570
333 F Street,Chula Vista,OR,91910,2624,OR,,Sen,Jeff Merkley,M001176
431 West Broadway Street,Muskogee,OK,74401,6614,OK,2,Rep,Markwayne Mullin,M001190
600 Austin Avenue,Waco,TX,76710,2018,TX,17,Rep,Bill Flores,F000461
221 Main Street,Hartford,IA,6106,1890,IA,,Sen,Joni Ernst,E000295
333 F Street,Chula Vista,CA,91910,2624,CA,51,Rep,Juan Vargas,V000130
1800 North Oak Street,Myrtle Beach,SC,29577,3141,SC,7,Rep,Tom Rice,R000597
9293 Harding Avenue,Surfside,FL,33154,3009,FL,23,Rep,Debbie Wasserman Schultz,W000797
198 3rd Avenue South,Franklin,TN,37064,2518,TN,7,Rep,Marsha Blackburn,B001243
1650 Highway 6,Sugar Land,TX,77478,4921,TX,22,Rep,Pete Olson,O000168
308 Craghead Street,Danville,VA,24541,1470,VA,,Sen,Timothy Kaine,K000384
611 University Avenue,Lubbock,TX,79401,2206,TX,19,Rep,Randy Neugebauer,N000182
33 East Twohig Avenue,San Angelo,TX,76903,6451,TX,11,Rep,K. Conaway,C001062
201 North East Street,Roseboro,NC,92401,1520,NC,7,Rep,David Rouzer,R000603
698 Emerson Street,Palo Alto,CA,94301,1609,CA,18,Rep,Anna Eshoo,E000215
30 Schuyler Place,Morristown,NJ,7960,5193,NJ,11,Rep,Rodney Frelinghuysen,F000372
300 South Main Street,London,KY,40741,1924,KY,,Sen,Mitch McConnell,M000355
PO Box 502 ,Clanton,AL,35046,502,AL,6,Rep,Gary Palmer,P000609
235 North Orange Avenue,Sarasota,FL,34236,8522,FL,16,Rep,Vern Buchanan,B001260
1127 Sherman Street,Denver,CO,80203,2281,CO,,Sen,Cory Gardner,G000562
800 Ship Street,St. Joseph,MI,49085,2182,MI,6,Rep,Fred Upton,U000031
1 Research Boulevard,Starkville,MS,39759,8749,MS,3,Rep,Gregg Harper,H001045
108 Lacey Road,Lacey Township,NM,8759,1331,NM,,Sen,Martin Heinrich,H001046
1231 Lafayette Avenue,Bronx,NY,10474,5331,NY,,Sen,Kirsten Gillibrand,G000555
1019 Pacific Avenue,Tacoma,WA,98402,4486,WA,6,Rep,Derek Kilmer,K000381
405 East 8th Ave,Eugene,OR,97401,2706,OR,4,Rep,Peter DeFazio,D000191
123 Linden Boulevard,Brooklyn,NY,11226,3888,NY,9,Rep,Yvette Clarke,C001067
4959 Palo Verde Street,Montclair,CA,91763,2331,CA,35,Rep,Norma Torres,T000474
1819 Pepperell Parkway,Opelika,IN,36801,5476,IN,,Sen,Joe Donnelly,D000607
61 East Main Street,Wilmington,OH,45177,2330,OH,15,Rep,Steve Stivers,S001187
4322 Wilshire Boulevard,Los Angeles,CA,90010,3794,CA,,Sen,Dianne Feinstein,F000062
16 Common Street,Watertown,MA,2155,6611,MA,5,Rep,Katherine Clark,C001101
222 Mamaroneck Avenue,White Plains,NY,10605,1316,NY,17,Rep,Nita Lowey,L000480
1550 Main Street,Springfield,MA,1103,1422,MA,,Sen,Edward Markey,M000133
221 Main Street,Hartford,ID,6106,1890,ID,,Sen,Michael Crapo,C000880
123 North College Avenue,Fort Collins,CO,80524,2489,CO,2,Rep,Jared Polis,P000598
350 West Burnsville Parkway,Burnsville,MN,55337,2585,MN,2,Rep,John Kline,K000363
120 Bishops Way,Brookfield,WI,53005,6294,WI,5,Rep,F. Sensenbrenner,S000244
1550 Foxlake Drive,Houston,TX,77084,6043,TX,7,Rep,John Culberson,C001048
131 Main Street,Oneida,NY,13421,1641,NY,22,Rep,Richard Hanna,H001051
80-02 Kew Gardens Road,Queens,NY,11415,3605,NY,6,Rep,Grace Meng,M001188
2929 North Central Expressway,Richardson,TX,75080,2000,TX,3,Rep,Sam Johnson,J000174
3000 North Ponce De Leon Boulevard,St. Augustine,FL,32084,8600,FL,,Sen,Marco Rubio,R000595
201 Varick Street,New York,NY,10014,7069,NY,10,Rep,Jerrold Nadler,N000002
510 East Foothill Boulevard,San Dimas,CA,91773,1254,CA,32,Rep,Grace Napolitano,N000179
29 Crafts Street,Newton,MA,2458,1275,MA,4,Rep,Joseph Kennedy,K000379
200 East Broadway Avenue,Maryville,TN,37804,5782,TN,2,Rep,John Duncan,D000533
100 East Michigan Boulevard,Michigan City,IN,46360,3271,IN,1,Rep,Peter Visclosky,V000108
4308 Ridgewood Center Drive,Woodbridge,VA,22192,5307,VA,11,Rep,Gerald Connolly,C001078
119 West Iron Avenue,Salina,KS,67402,2600,KS,1,Rep,Tim Huelskamp,H001057
11900 College Boulevard,Overland Park,KS,66210,3912,KS,,Sen,Jerry Moran,M000934
118 Adams Street Suite 301,Fairmont,WV,26554,2841,WV,,Sen,Joe Manchin,M001183
25 Sweeden Street,Caribou,ME,4736,2503,ME,,Sen,Susan Collins,C001035
635 North 1st Street,San Jose,CA,95112,5110,CA,19,Rep,Zoe Lofgren,L000397
125 Bonnie Lane,Sylva,NC,28779,8552,NC,11,Rep,Mark Meadows,M001187
420 Green Avenue,Orange,TX,77630,5803,TX,36,Rep,Brian Babin,B001291
8700 Auburn Folsom Road,Auburn,CA,95746,8501,CA,4,Rep,Tom McClintock,M001177
6510 Abrams Road,Dallas,TX,75231,7278,TX,5,Rep,Jeb Hensarling,H001036
23 East Front Street,Monroe,MI,48161,2256,MI,7,Rep,Tim Walberg,W000798
201 South 8th Street,St. Joseph,MO,64501,2275,MO,6,Rep,Sam Graves,G000546
1101 Airport Road,Bethlehem,PA,19472,1800,PA,15,Rep,Charles Dent,D000604
10952 Northwest Expressway,Yukon,OK,73099,8214,OK,3,Rep,Frank Lucas,L000491
75 Langley Drive,Lawrenceville,GA,30046,6935,GA,7,Rep,Rob Woodall,W000810
1661 North Swan Road,Tucson,AZ,85712,4051,AZ,2,Rep,Martha McSally,M001197
509 U.S. 82,Greenwood,MS,38930,5030,MS,2,Rep,Bennie Thompson,T000193
7550 Halcyon Summit Drive,Montgomery,AL,36117,7008,AL,2,Rep,Martha Roby,R000591
810 Otsego Avenue,Coshocton,OH,43005,2,OH,7,Rep,Bob Gibbs,G000563
10603 North Hayden Road,Scottsdale,AZ,85260,5571,AZ,6,Rep,David Schweikert,S001183
501 Sycamore Street,Waterloo,IA,50703,4051,IA,1,Rep,Rod Blum,B001294
300 Ala Moana Boulevard,Honolulu,HI,96850,5104,HI,1,Rep,Mark Takai,T000473
1134 7th Street Northwest,Rochester,MN,55901,1732,MN,1,Rep,Timothy Walz,W000799
305 West Main Street,Murfreesboro,TN,37130,3547,TN,4,Rep,Scott DesJarlais,D000616
1801 Kingwood Drive,Humble,TX,77339,3058,TX,2,Rep,Ted Poe,P000592
265 New Dorp Lane,Staten Island,NY,10306,3005,NY,11,Rep,Michael Grimm,G000569
110 Veterans Memorial Boulevard,Metairie,LA,70005,4970,LA,1,Rep,Steve Scalise,S001176
100 West Broadway,Long Beach,CA,90802,4486,CA,47,Rep,Alan Lowenthal,L000579
51 South University Avenue,Provo,UT,84601,4424,UT,,Sen,Orrin Hatch,H000338
1651 3rd Avenue,New York,NY,10128,3679,NY,12,Rep,Carolyn Maloney,M000087
32 Main Street,Burlington,VT,5401,4072,VT,0,Rep,Peter Welch,W000800
10 Casia Street,San Juan,PR,921,3201,PR,0,Rep,Pedro Pierluisi,P000596
1313 Southeast Military Drive,San Antonio,TX,78214,2850,TX,35,Rep,Lloyd Doggett,D000399
300 State Street,Springfield,MA,1105,1686,MA,1,Rep,Richard Neal,N000015
2 Court St,Plymouth,MA,2360,3347,MA,9,Rep,William Keating,K000375
108 Lacey Road,Lacey Township,NJ,8759,1331,NJ,,Sen,Cory Booker,B001288
402 East Yakima Avenue,Yakima,WA,98901,5410,WA,4,Rep,Dan Newhouse,N000189
209 South Washington Street,Marion,IN,46952,3803,IN,5,Rep,Susan Brooks,B001284
3235 147th Street,Midlothian,IL,60445,3656,IL,,Sen,Mark Kirk,K000360
110 2nd Street South,Waite Park,MN,56387,1313,MN,6,Rep,Tom Emmer,E000294
2021 Lakeshore Drive,New Orleans,LA,70122,3501,LA,,Sen,David Vitter,V000127
258 Front Street,Marietta,OH,45750,2908,OH,6,Rep,Bill Johnson,J000292
300 Garden City Plaza,Garden City,NY,11530,3338,NY,4,Rep,Kathleen Rice,R000602
2021 Lakeshore Drive,New Orleans,LA,70122,3501,LA,2,Rep,Cedric Richmond,R000588
516 Jefferson Street,Washington,MO,63090,2706,MO,3,Rep,Blaine Luetkemeyer,L000569
100 South Clinton Street,Syracuse,NY,13261,6100,NY,24,Rep,John Katko,K000386
1011 George Wallace Boulevard,Tuscumbia,AR,35674,1726,AR,,Sen,John Boozman,B001236
500 State Avenue,Kansas City,KS,66101,2409,KS,3,Rep,Kevin Yoder,Y000063
1589 Elm Street,Manchester,NH,3101,1261,NH,,Sen,Jeanne Shaheen,S001181
1456 Ebenezer Road,Rock Hill,SC,29732,2339,SC,5,Rep,Mick Mulvaney,M001182
221 Main Street,Hartford,CT,6106,1890,CT,1,Rep,John Larson,L000557
911 Main Street,Kansas City,MO,64105,2009,MO,,Sen,Roy Blunt,B000575
11 Duff Road,Pittsburgh,PA,15235,3263,PA,14,Rep,Michael Doyle,D000482
600 Baltimore Avenue,Towson,MD,21204,4022,MD,3,Rep,John Sarbanes,S001168
308 Craghead Street,Danville,VA,24541,1470,VA,,Sen,Mark Warner,W000805
311 East Marion Street,Shelby,NC,28151,4611,NC,10,Rep,Patrick McHenry,M001156
1125 Chapline Street,Wheeling,WV,26003,2976,WV,1,Rep,David McKinley,M001180
127 West Spring Street,Titusville,PA,16354,1727,PA,5,Rep,Glenn Thompson,T000467
4160 Temescal Canyon Rd,Corona,CA,92883,4625,CA,42,Rep,Ken Calvert,C000059
2675 North Ventura Road,Port Hueneme,CA,93041,2045,CA,26,Rep,Julia Brownley,B001285
41000 Main St.,Temecula,CA,92590,2764,CA,50,Rep,Duncan Hunter,H001048
1550 Main Street,Springfield,MA,1103,1422,MA,,Sen,Elizabeth Warren,W000817
425 North Avenue East,Westfield,NJ,7090,1537,NJ,7,Rep,Leonard Lance,L000567
324 East 2500 South,Ogden,UT,84401,2361,UT,1,Rep,Rob Bishop,B001250
1313 West Main Street,Rapid City,SD,57701,2540,SD,,Sen,John Thune,T000250
27085 Gratiot Avenue,Roseville,MI,48066,2947,MI,9,Rep,Sander Levin,L000263
701 Green Valley Rd,Greensboro,NC,27408,7040,NC,,Sen,Thom Tillis,T000476
5500 Palisades Avenue,Battlefield,MO,7093,2124,MO,7,Rep,Billy Long,L000576
1003 Park Boulevard,Massapequa Park,NY,11762,2758,NY,2,Rep,Peter King,K000210
230 East Franklin Street,Rockingham,NC,28379,3627,NC,8,Rep,Richard Hudson,H001067
2603 Wheat Drive,Bozeman,MT,56750,4800,MT,0,Rep,Ryan Zinke,Z000018
136 E South Temple,Salt Lake City,UT,84111,1180,UT,2,Rep,Chris Stewart,S001192
PO Box 2381 ,West Columbia,SC,29171,2381,SC,2,Rep,Joe Wilson,W000795
16 James Street,Middletown,NY,10940,5787,NY,18,Rep,Sean Maloney,M001185
9901 Valley Ranch Parkway East,Irving,TX,75063,7186,TX,24,Rep,Kenny Marchant,M001158
1800 East Lambert Road,Brea,CA,92821,4396,CA,39,Rep,Edward Royce,R000487
1660 Stemmons Freeway,Lewisville,TX,75067,600,TX,26,Rep,Michael Burgess,B001248
115 State Street,Montpelier,VT,5602,2719,VT,,Sen,Patrick Leahy,L000174
18 North Main Street,Concord,NH,3301,2424,NH,2,Rep,Ann Kuster,K000382
2100 Plymouth Avenue North,Minneapolis,MN,55411,3675,MN,5,Rep,Keith Ellison,E000288
10100 Pines Boulevard,Pembroke Pines,FL,33026,6040,FL,24,Rep,Frederica Wilson,W000808
6000 Meadowbrook Mall Court,Clemmons,NC,27012,8775,NC,5,Rep,Virginia Foxx,F000450
220 East Rosser Avenue,Bismarck,ND,58501,3869,ND,,Sen,John Hoeven,H001061
8021 West Florissant Avenue,Jennings,MO,63136,1449,MO,1,Rep,Wm. Clay,C001049
915 2nd Avenue,Seattle,WA,98174,1009,WA,,Sen,Patty Murray,M001111
135 Ashman Street,Midland,MI,48640,5103,MI,4,Rep,John Moolenaar,M001194
35111 US Highway 19 North,Palm Harbor,FL,34684,1934,FL,12,Rep,Gus Bilirakis,B001257
1701 River Run Road,Fort Worth,TX,76107,6529,TX,12,Rep,Kay Granger,G000377
8436 West 3rd Street,Los Angeles,CA,90048,4183,CA,33,Rep,Ted Lieu,L000582
324 East Washington Avenue,Riverton,WY,82001,4353,WY,,Sen,John Barrasso,B001261
207 North Gilbert Road,Gilbert,AZ,85234,5812,AZ,5,Rep,Matt Salmon,S000018
701 Green Valley Rd,Greensboro,NC,27408,7040,NC,,Sen,Richard Burr,B001135
3333 South Pinnacle Hills Parkway,Rogers,AR,72758,8979,AR,3,Rep,Steve Womack,W000809
#1 Estate Cane,St. Croix,VI,840,4425,VI,0,Rep,Stacey Plaskett,P000610
820 Davis Street,Evanston,IL,60201,4400,IL,9,Rep,Janice Schakowsky,S001145
2000 Market Street,Philadelphia,PA,19103,3231,PA,,Sen,Robert Casey,C001070
100 East Main Cross Street,Findlay,OH,45840,4888,OH,5,Rep,Robert Latta,L000566
241 West Federal Street,Youngstown,OH,44503,1207,OH,13,Rep,Tim Ryan,R000577
20 North Gallatin Avenue,Uniontown,PA,15401,3545,PA,9,Rep,Bill Shuster,S001154
11717 Burt Street,Omaha,NE,68154,1500,NE,2,Rep,Brad Ashford,A000373
1121 East Southeast Loop 323,Tyler,TX,75701,9660,TX,1,Rep,Louie Gohmert,G000552
990 Village Square Drive,Tomball,TX,77375,4269,TX,10,Rep,Michael McCaul,M001157
1805 East Ruben M Torres Sr Boulevard,Brownsville,TX,78521,1115,TX,34,Rep,Filemon Vela,V000132
411 North Central Avenue,Phoenix,AZ,85004,2120,AZ,7,Rep,Ruben Gallego,G000574
540 Water Street,Ketchikan,AK,99901,6378,AK,0,Rep,Don Young,Y000033
205 5th Avenue South,La Crosse,WI,54601,4059,WI,3,Rep,Ron Kind,K000188
PO Box 504879 ,Capitol Hill,MP,96950,4310,MP,0,Rep,Gregorio Sablan,S001177
4350 Executive Drive,San Diego,CA,92121,2115,CA,52,Rep,Scott Peters,P000608
207 East Colfax Avenue,South Bend,IN,46601,1606,IN,2,Rep,Jackie Walorski,W000813
2222 Grand Canal Boulevard,Stockton,CA,95207,6671,CA,9,Rep,Jerry McNerney,M001166
750 Anderson Street,Vancouver,WA,98661,3853,WA,3,Rep,Jaime Herrera Beutler,H001056
167 North Main Street,Memphis,TN,38103,1822,TN,9,Rep,Steve Cohen,C001068
107 Old Airport Road,Douglassville,PA,30474,8840,PA,7,Rep,Patrick Meehan,M001181
100 North Broadway,Oklahoma City,OK,73102,9211,OK,,Sen,James Lankford,L000575
300 South Main Street,London,KY,40741,1924,KY,,Sen,Rand Paul,P000603
6043 Hudson Road,Woodbury,MN,55125,1004,MN,4,Rep,Betty McCollum,M001143
401 Post Office Road,Waldorf,MD,20602,2738,MD,5,Rep,Steny Hoyer,H000874
3003 32nd Avenue South,Fargo,ND,58103,6163,ND,0,Rep,Kevin Cramer,C001096
7904 Day Drive,Parma,OH,44129,5637,OH,16,Rep,James Renacci,R000586
3000 North Ponce De Leon Boulevard,St. Augustine,FL,32084,8600,FL,6,Rep,Ron DeSantis,D000621
1797 West State Street,Geneva,IL,60134,4710,IL,14,Rep,Randy Hultgren,H001059
300 East Fall Creek Parkway North Drive,Indianapolis,IN,46205,4258,IN,7,Rep,Andre Carson,C001072
6719 West Montgomery Road,Houston,TX,77091,3105,TX,18,Rep,Sheila Jackson Lee,J000032
600 I Street,Sacramento,CA,95814,4778,CA,6,Rep,Doris Matsui,M001163
5001 Silver Hill Road,Suitland-Silver Hill,MD,20746,5208,MD,4,Rep,Donna Edwards,E000290
11 East Main Street,Norwalk,OH,44857,1512,OH,4,Rep,Jim Jordan,J000289
1 2nd Street,Calamus,IA,8861,4517,IA,2,Rep,David Loebsack,L000565
122 West Way Street,Lake Jackson,TX,77566,5245,TX,14,Rep,Randy Weber,W000814
4716 East Cesar E Chavez Avenue,East Los Angeles,CA,90022,1210,CA,40,Rep,Lucille Roybal-Allard,R000486
1300 Saint Marys Street,Raleigh,NC,27605,1276,NC,13,Rep,George Holding,H001065
613 Saint Johns Avenue,Palatka,FL,32177,4643,FL,5,Rep,Corrine Brown,B000911
18560 1st Avenue Northeast,Shoreline,WA,98155,2150,WA,7,Rep,Jim McDermott,M000404
PO Box 7248,Pago Pago,AS,96799,6296,AS,0,Rep,Aumua Amata,R000600
